Code,Statut
BILANIA-0RMQ-A5C4,Actif
BILANIA-1J1P-01H3,Actif
BILANIA-2LC3-GHNR,Actif
BILANIA-2NWU-H4AL,Actif
BILANIA-3L57-1ECO,Actif
BILANIA-4AES-G3TD,Actif
BILANIA-5GSP-5SC2,Actif
BILANIA-67DY-YSJX,Actif
BILANIA-6A3E-5BO8,Actif
BILANIA-6GSC-18GI,Actif
BILANIA-6PSE-50RE,Actif
BILANIA-6QL2-Z8UJ,Actif
BILANIA-7Z0H-R4Z8,Actif
BILANIA-APJK-RDIE,Actif
BILANIA-B9W2-5I11,Actif
BILANIA-BWWJ-I25P,Actif
BILANIA-CD28-4DX9,Actif
BILANIA-CERY-MGJD,Actif
BILANIA-CKHW-JUUY,Actif
BILANIA-D9RH-3VLQ,Actif
BILANIA-E4SK-2N1T,Actif
BILANIA-EQXG-GI0Q,Actif
BILANIA-F5IW-IHDB,Actif
BILANIA-HFIT-PRMZ,Actif
BILANIA-IHDS-4NMX,Actif
BILANIA-JQYG-ZK5E,Actif
BILANIA-L2FH-IZKR,Actif
BILANIA-L3M8-WSLU,Actif
BILANIA-LKGT-7WLE,Actif
BILANIA-NT6U-ZMWJ,Actif
BILANIA-ONOY-T6M2,Actif
BILANIA-P7XZ-3YDX,Actif
BILANIA-PJ83-DVHB,Actif
BILANIA-PLGB-QQ2G,Actif
BILANIA-QCBF-XUEO,Actif
BILANIA-QM4J-DRMC,Actif
BILANIA-QZYE-WEQJ,Actif
BILANIA-RJBN-L914,Actif
BILANIA-RMFD-8UK2,Actif
BILANIA-RU3X-7TBG,Actif
BILANIA-U0U9-B1WI,Actif
BILANIA-VBI2-RY1T,Actif
BILANIA-XDTP-4OOU,Actif
BILANIA-XI12-KGU4,Actif
BILANIA-XRDJ-6HHX,Actif
BILANIA-Y53F-CUEN,Actif
BILANIA-YXKM-3QQL,Actif
BILANIA-ZA6H-ZSG0,Actif
BILANIA-ZR9K-15KJ,Actif
BILANIA-ZU1Z-SGFV,Actif
